Date,Store,CHK,CHK Total,ITM,ITM $,DSCL,DSCL ID,Discount Name,Cashier Qu Backend ID,Loyalty ID
01/20,1825,3021,37.55,38280,8.29,8.29,135910,Magoos Rewards,173428,e5d7b1d9-7d87-4658-aefe-5891fcaab433
01/20,1825,250120221001155,15.48,,0,10.49,135910,Magoos Rewards,,
01/20,1825,3031,2.69,41953,9.19,9.19,135910,Magoos Rewards,85679,7f6e477f-07ab-42c1-8915-50f3b5fdb6f4
01/20,1825,250120232815630,19.28,,0,10.49,135910,Magoos Rewards,,
01/20,4045,4002,3.97,38280,9.49,9.49,135910,Magoos Rewards,64843,d7ccd7f8-4187-490e-8b5f-2a35c670a594
01/20,4045,4014,3.59,38280,9.49,9.49,135910,Magoos Rewards,64843,466b24d4-6932-45cf-8195-076832e2c87e
01/20,4045,4030,2.59,38280,9.49,9.49,135910,Magoos Rewards,64843,0baad095-ee33-4fe4-be8c-5e86627931cf
01/20,4045,250120190148211,2.59,,0,9.49,135910,Magoos Rewards,,
01/20,4045,4031,2.59,38280,9.49,9.49,135910,Magoos Rewards,64843,3ffdbfc2-86c8-4075-b387-dc3e6939e788
01/20,4045,4035,2.59,38280,9.49,9.49,135910,Magoos Rewards,64843,1582a995-3a59-44aa-8169-90d323d0e175
01/20,4045,250120192956053,2.59,,0,9.49,135910,Magoos Rewards,,
01/20,4045,250120195127607,2.59,,0,9.49,135910,Magoos Rewards,,
01/20,4045,4046,3.28,38280,9.49,9.49,135910,Magoos Rewards,64843,e7475cd8-b699-4d74-bf52-ce48ebe98fc3
01/20,4045,3022,2.59,38280,9.49,9.49,135910,Magoos Rewards,138271,3fa7503e-1c61-456c-9d6e-fb2d15b27c04
01/20,4045,250120221743604,3.59,,0,9.49,135910,Magoos Rewards,,
01/20,4045,250120231440809,2.59,,0,10.69,135910,Magoos Rewards,,
01/20,4045,250121001654385,9.58,,0,9.49,135910,Magoos Rewards,,
01/20,4045,4087,15.08,38280,9.49,9.49,135910,Magoos Rewards,225393,eaa4bc3c-e664-4e30-924f-868b51cac55f
01/20,4046,250120154753570,2.59,,0,9.49,135910,Magoos Rewards,,
01/20,4046,250120161251346,2.59,,0,9.49,135910,Magoos Rewards,,
01/20,4046,4002,27.97,80538,10.99,10.99,135910,Magoos Rewards,287761,6e430618-f111-49fd-9e1b-2ab02a597277
01/20,4046,250120164156111,12.08,,0,9.49,135910,Magoos Rewards,,
01/20,4046,250120165211886,10.99,,0,10.99,135910,Magoos Rewards,,
01/20,4046,250120172511944,19.98,,0,10.99,135910,Magoos Rewards,,
01/20,4046,4011,15.27,38280,9.49,9.49,135910,Magoos Rewards,282597,f4d07dc5-ee50-4e74-b523-be514ec6a324
01/20,4046,250120180328792,16.17,,0,10.99,135910,Magoos Rewards,,
01/20,4046,4018,16.17,80538,10.99,10.99,135910,Magoos Rewards,44804,8fab97d6-661e-4c43-9aab-87da559f91b1
01/20,4046,250120183803628,17.58,,0,9.49,135910,Magoos Rewards,,
01/20,4046,3040,2.59,38280,9.49,9.49,135910,Magoos Rewards,87541,992e8b4c-555f-4cee-8e25-ba32c9af14ff
01/20,4046,4035,2.59,38280,9.49,9.49,135910,Magoos Rewards,87541,535d36df-a6fa-47c2-b92e-47bd1200f015
01/20,4046,3043,2.59,38280,9.49,9.49,135910,Magoos Rewards,87541,31c0ff43-d7ed-4100-b822-82ca8c8045e9
01/20,4046,250120215339488,10.99,,0,10.99,135910,Magoos Rewards,,
01/20,4046,250120223804441,42.58,,0,9.49,135910,Magoos Rewards,,
01/20,4046,250120232916373,12.59,,0,12.59,135910,Magoos Rewards,,
01/20,4046,4060,2.59,38280,9.49,9.49,135910,Magoos Rewards,44797,3f55abe4-5635-4d7e-875c-8918073ce3f9
01/20,4046,3054,2.59,38280,9.49,9.49,135910,Magoos Rewards,44797,458ce926-5bcc-441e-8d7f-1d48121f5775
01/20,4077,2060,2.39,41953,8.59,8.59,135910,Magoos Rewards,111606,d50922cd-1bc9-4e2d-ade2-172e4b871083
01/20,4077,250121000209519,2.99,,0,7.99,135910,Magoos Rewards,,
01/20,4078,250120184124346,2.69,,0,7.99,135910,Magoos Rewards,,
01/20,4078,250120184102082,2.19,,0,7.99,135910,Magoos Rewards,,
01/20,4078,250120201327285,2.19,,0,7.99,135910,Magoos Rewards,,
01/20,4078,3031,16.25,,0,7.99,135910,Magoos Rewards,41351,
01/20,4078,11101,16.55,38280,7.99,7.99,135910,Magoos Rewards,143274,2fa29a0f-fea2-4fa4-9706-522493a356d1
01/20,4120,4004,2.69,38280,8.99,8.99,135910,Magoos Rewards,142898,be6660bc-6289-4940-bacd-35965042f0e1
01/20,4120,4009,2.69,38280,8.99,8.99,135910,Magoos Rewards,142898,7d7249fc-2149-4ca4-8359-d61584959702
01/20,4120,250120173411837,5.36,,0,8.99,135910,Magoos Rewards,,
01/20,4120,250120173907274,2.69,,0,8.99,135910,Magoos Rewards,,
01/20,4120,250120174452827,2.69,,0,8.99,135910,Magoos Rewards,,
01/20,4120,250120190825851,10.99,,0,10.99,135910,Magoos Rewards,,
01/20,4120,250120195557765,3.48,,0,8.99,135910,Magoos Rewards,,
01/20,4120,250120203848904,2.69,,0,8.99,135910,Magoos Rewards,,
01/20,4120,4037,2.69,38280,8.99,8.99,135910,Magoos Rewards,217972,d82ce9ad-3d2e-4788-b26e-890604f74fe9
01/20,4120,4038,2.69,38280,8.99,8.99,135910,Magoos Rewards,217972,2e8cf51e-0a1b-4455-9b78-61665c32c96b
01/20,4120,250120213905701,2.69,,0,8.99,135910,Magoos Rewards,,
01/20,4120,250120223127623,10.99,,0,10.99,135910,Magoos Rewards,,
01/20,4120,3026,2.69,38280,8.99,8.99,135910,Magoos Rewards,217972,4c1f9a01-c381-4d22-97c7-65c13020d7e4
01/20,4120,250121002247999,35.97,,0,10.99,135910,Magoos Rewards,,
01/20,4145,250120162922975,3.09,,0,8.49,135910,Magoos Rewards,,
01/20,4145,4010,16.07,80538,10.49,10.49,135910,Magoos Rewards,61864,d45438fa-6a59-4252-9e9c-6f616647a1b0
01/20,4145,250120170203213,2.79,,0,8.49,135910,Magoos Rewards,,
01/20,4145,250120173855850,18.98,,0,10.49,135910,Magoos Rewards,,
01/20,4145,3040,3,38280,8.49,8.49,135910,Magoos Rewards,246110,cf5f7ed9-e59e-4281-b42b-60920d116fbf
01/20,4145,250120180550555,2.79,,0,9.39,135910,Magoos Rewards,,
01/20,4145,250120181118990,2.79,,0,9.39,135910,Magoos Rewards,,
01/20,4145,250120195857651,10.49,,0,10.49,135910,Magoos Rewards,,
01/20,4145,250120204812447,26.67,,0,11.49,135910,Magoos Rewards,,
01/20,4145,4072,2.79,38280,8.49,8.49,135910,Magoos Rewards,61864,dca953d5-c33a-4f20-99d7-2a3ef218d827
01/20,4145,250120224441960,10.49,,0,10.49,135910,Magoos Rewards,,
01/20,4145,250120224610804,2.79,,0,8.49,135910,Magoos Rewards,,
01/20,4145,250121001514378,15.86,,0,10.49,135910,Magoos Rewards,,
01/20,4145,3132,10.49,80538,10.49,10.49,135910,Magoos Rewards,191324,8daaea37-bd9f-424d-8809-ab984c39dbb9
01/20,4146,2002,3.28,38280,8.59,8.59,135910,Magoos Rewards,99158,97edc08a-4a7b-4559-9ca6-436d502abb90
01/20,4146,1010,2.69,38280,8.59,8.59,135910,Magoos Rewards,223715,9df5de35-0a1a-4d1a-968d-e15f3647df73
01/20,4146,1024,6.57,38280,8.59,8.59,135910,Magoos Rewards,84540,82091d2b-56fa-4d64-93f5-0d990ff51554
01/20,4146,250120190945468,2.69,,0,8.59,135910,Magoos Rewards,,
01/20,4146,1048,2.69,38280,8.59,8.59,135910,Magoos Rewards,223715,10d59a02-e3dd-497d-96a0-c02e56c2c806
01/20,4146,1049,2.69,38280,8.59,8.59,135910,Magoos Rewards,223715,68f01e6f-4ef6-4230-b420-88b4310eb59d
01/20,4146,250120211504936,2.69,,0,8.59,135910,Magoos Rewards,,
01/20,4146,1064,2.69,38280,8.59,8.59,135910,Magoos Rewards,128254,4b7e809f-5a67-471e-9237-c62eb8311cbd
01/20,4146,1065,2.69,38280,8.59,8.59,135910,Magoos Rewards,128254,875010c5-8a61-4340-90cd-649d1aad795f
01/20,4146,2023,2.69,38280,8.59,8.59,135910,Magoos Rewards,280395,04cabb50-d1d8-4997-bdd0-90483326922b
01/20,4146,1069,31.35,38280,8.59,8.59,135910,Magoos Rewards,280395,28de39df-c6b5-4722-8484-5ac56454b318
01/20,4146,2026,2.69,,0,8.59,135910,Magoos Rewards,128254,51a54b95-9e41-4b7e-857a-75c4892f2afd
01/20,4146,1070,3.48,38280,8.59,8.59,135910,Magoos Rewards,280395,85b45d35-5876-428d-a968-21390ff9aeff
01/20,4146,1071,2.69,38280,8.59,8.59,135910,Magoos Rewards,280395,f537b182-9570-46b7-ab67-b35dd3b88ca0
01/20,4146,1075,3.48,38280,8.59,8.59,135910,Magoos Rewards,280395,70af8f05-c870-4589-b8b8-ce71b8ed8989
01/20,4146,1076,2.69,38280,8.59,8.59,135910,Magoos Rewards,280395,ea2b7841-1c99-46da-9582-28d851388376
01/20,4146,1080,11.68,38280,8.59,8.59,135910,Magoos Rewards,280395,4dd4c8cf-9e64-49bf-bdd2-de504328d089
01/20,4146,1081,2.69,38280,8.59,8.59,135910,Magoos Rewards,280395,87c26862-d30c-425f-8d61-163050b99461
01/20,4146,1082,2.69,38280,8.59,8.59,135910,Magoos Rewards,280395,8038ded3-48db-4b37-813d-fff2584f6477
01/20,4146,250120232959156,1.99,,0,9.49,135910,Magoos Rewards,,
01/20,4146,250120233513816,2.69,,0,8.59,135910,Magoos Rewards,,
01/20,4146,250120233419501,2.69,,0,9.49,135910,Magoos Rewards,,
01/20,4146,250120233816706,2.69,,0,9.49,135910,Magoos Rewards,,
01/20,4146,2033,3.28,38280,8.59,8.59,135910,Magoos Rewards,280395,55f549c4-fee5-48dc-9ffa-505865cc630a
01/20,4147,250120165647938,2.69,,0,8.59,135910,Magoos Rewards,,
01/20,4147,250120170103214,10.49,,0,10.49,135910,Magoos Rewards,,
01/20,4147,3019,2.69,38280,8.59,8.59,135910,Magoos Rewards,85516,5de8bb19-e044-44b5-986e-b50623a99202
01/20,4147,3024,3.28,41953,9.49,9.49,135910,Magoos Rewards,139108,2f239a28-c9b0-44c0-873f-2f69a0b17808
01/20,4147,3025,2.69,38280,8.59,8.59,135910,Magoos Rewards,139108,63f14a12-3632-451b-a7e8-c6c68090918b
01/20,4147,2006,2.69,38280,8.59,8.59,135910,Magoos Rewards,139108,d783a605-90fe-42f0-89af-bf15ffbe4771
01/20,4147,250120181220308,2.69,,0,8.59,135910,Magoos Rewards,,
01/20,4147,250120200835246,2.69,,0,8.59,135910,Magoos Rewards,,
01/20,4147,250120201248488,2.69,,0,8.59,135910,Magoos Rewards,,
01/20,4147,250120201725096,2.69,,0,8.59,135910,Magoos Rewards,,
01/20,4147,3082,2.69,38280,8.59,8.59,135910,Magoos Rewards,139108,8406db34-31b8-4713-8859-71b40d9316f6
01/20,4147,2012,2.69,38280,8.59,8.59,135910,Magoos Rewards,137404,75f58990-9e08-4ed4-a1d3-d34fe47cb686
01/20,4147,3089,2.69,38280,8.59,8.59,135910,Magoos Rewards,137404,761f2b7c-56ed-4c5d-b513-84fb96c86aaa
01/20,4147,250120221139367,59.24,,0,12.09,135910,Magoos Rewards,,
01/20,4147,4010,2.69,38280,8.59,8.59,135910,Magoos Rewards,280995,c20e60a1-52e3-4dd0-8d8f-7f939e6d1879
01/20,4147,4009,14.07,38280,8.59,8.59,135910,Magoos Rewards,280995,3a8164bb-a85c-49d1-bb0d-3fe35026cf9c
01/20,4147,2017,14.56,38280,8.59,8.59,135910,Magoos Rewards,137404,8f3b4864-c82d-4403-acab-7a881949bfd8
01/20,4147,2023,2.69,38280,8.59,8.59,135910,Magoos Rewards,137404,8c1be8a5-a844-4c44-a98c-1faef659bf11
01/20,4147,3116,2.69,38280,8.59,8.59,135910,Magoos Rewards,137404,c9515b58-3cd8-49ad-8324-232d2ad94c38
01/20,4148,250120162338677,13.46,,0,10.49,135910,Magoos Rewards,,
01/20,4148,250120162449704,10.49,,0,10.49,135910,Magoos Rewards,,
01/20,4148,250120172907864,14.87,,0,8.99,135910,Magoos Rewards,,
01/20,4148,250120181759988,20.97,,0,8.99,135910,Magoos Rewards,,
01/20,4148,250120194425166,4.48,,0,8.99,135910,Magoos Rewards,,
01/20,4148,250120212719837,10.49,,0,10.49,135910,Magoos Rewards,,
01/20,4148,2035,41.94,38280,8.99,8.99,135910,Magoos Rewards,89433,00bf3852-a49a-45c3-963f-74459119dad5
01/20,4148,250120232702720,2.99,,0,10.49,135910,Magoos Rewards,,
01/20,4148,250121020239845,10.49,,0,10.49,135910,Magoos Rewards,,
01/20,4149,3004,2.69,38280,8.59,8.59,135910,Magoos Rewards,297678,c8afcdf8-8689-4969-b5c6-a2d66a4883f6
01/20,4149,3053,12.68,38280,8.59,8.59,135910,Magoos Rewards,297678,7eb94bcd-69c0-46f0-b66a-f262798fb621
01/20,4149,250120201516926,2.69,,0,8.59,135910,Magoos Rewards,,
01/20,4149,250120221118612,2.69,,0,9.49,135910,Magoos Rewards,,
01/20,4149,250120233538972,19.67,,0,10.49,135910,Magoos Rewards,,
01/20,4150,3006,2.79,38280,8.99,8.99,135910,Magoos Rewards,206850,2c250a93-0816-4f43-a68f-dac68be8e46c
01/20,4150,3009,2.74,38280,8.99,8.99,135910,Magoos Rewards,206850,f7726979-310c-440d-b860-374d36e8b8e6
01/20,4150,3046,2.79,38280,8.99,8.99,135910,Magoos Rewards,206850,51f8071b-4cbe-4eea-b865-8e2a34cbb1d6
01/20,4166,10028,41.04,41953,9.89,9.89,135910,Magoos Rewards,62809,2a2a039f-2efd-4a75-bc18-ebe9b253857a
01/20,4166,2034,14.55,38280,8.99,8.99,135910,Magoos Rewards,53655,d7e69e2b-f362-4da2-a8f6-8498d551585d
01/20,4166,10075,1.99,38280,8.99,8.99,135910,Magoos Rewards,51486,d416b17f-0f8d-4be4-8eda-ce79621aef4f
01/20,4167,250120160806662,3.47,,0,9.19,135910,Magoos Rewards,,
01/20,4167,250120173523583,10.49,,0,10.49,135910,Magoos Rewards,,
01/20,4167,250120194748109,10.49,,0,10.49,135910,Magoos Rewards,,
01/20,4167,250120223444840,49.44,,0,1.79,135910,Magoos Rewards,,
01/20,4167,250120230129226,2.29,,0,8.29,135910,Magoos Rewards,,
01/20,4167,250120230241318,2.29,,0,8.29,135910,Magoos Rewards,,
01/20,4167,250120230236340,2.29,,0,8.29,135910,Magoos Rewards,,
01/20,4167,250120230620903,2.29,,0,8.29,135910,Magoos Rewards,,
01/20,4167,250120230758169,2.29,,0,8.29,135910,Magoos Rewards,,
01/20,4167,250120230557059,2.29,,0,9.19,135910,Magoos Rewards,,
01/20,4167,250120230729945,10.49,,0,10.49,135910,Magoos Rewards,,
01/20,4167,250121002657537,11.49,,0,11.49,135910,Magoos Rewards,,
01/20,4167,250121010539697,11.49,,0,11.49,135910,Magoos Rewards,,
01/20,4225,250120164111188,2.29,,0,7.89,135910,Magoos Rewards,,
01/20,4225,250120164322753,11.28,,0,7.89,135910,Magoos Rewards,,
01/20,4225,250120192335497,2.29,,0,7.89,135910,Magoos Rewards,,
01/20,4225,250120193224893,12.26,,0,10.49,135910,Magoos Rewards,,
01/20,4225,250120205019965,2.29,,0,7.89,135910,Magoos Rewards,,
01/20,4225,250120231654356,2.89,,0,7.89,135910,Magoos Rewards,,
01/20,4237,250120171109194,10.49,,0,10.49,135910,Magoos Rewards,,
01/20,4237,250120174247666,11.49,,0,11.49,135910,Magoos Rewards,,
01/20,4237,250120202240244,2.69,,0,9.74,135910,Magoos Rewards,,
01/20,4237,250120211146729,10.49,,0,10.49,135910,Magoos Rewards,,
01/20,4237,250120212205495,10.49,,0,10.49,135910,Magoos Rewards,,
01/20,4237,250120230948214,10.49,,0,10.49,135910,Magoos Rewards,,
01/20,4238,250120174344123,2.49,,0,8.59,135910,Magoos Rewards,,
01/20,4238,3018,2.49,38280,8.59,8.59,135910,Magoos Rewards,198481,b96c33dc-1cf2-4c2b-8a99-3cef2dd34403
01/20,4238,4010,3.17,38280,8.59,8.59,135910,Magoos Rewards,198481,e4fd674c-19c3-456c-9886-9a2b3440e9e3
01/20,4238,250120182615525,2.49,,0,8.59,135910,Magoos Rewards,,
01/20,4238,3020,3.88,38280,8.59,8.59,135910,Magoos Rewards,198481,46b0b633-b051-411d-a171-b72418e6144c
01/20,4238,3022,2.49,38280,8.59,8.59,135910,Magoos Rewards,198481,4929a925-f426-4985-9f5d-fc6ee5619982
01/20,4238,250120185216630,2.49,,0,9.49,135910,Magoos Rewards,,
01/20,4238,3026,2.49,38280,8.59,8.59,135910,Magoos Rewards,198481,a72b5689-f32b-4ca2-9f48-6efed97a8a4e
01/20,4238,250120191716921,2.49,,0,8.59,135910,Magoos Rewards,,
01/20,4238,250120193115604,2.49,,0,8.59,135910,Magoos Rewards,,
01/20,4238,250120194054754,2.49,,0,8.59,135910,Magoos Rewards,,
01/20,4238,250120194525615,2.49,,0,8.59,135910,Magoos Rewards,,
01/20,4238,250120200152800,2.49,,0,8.59,135910,Magoos Rewards,,
01/20,4238,250120200348032,1.59,,0,8.59,135910,Magoos Rewards,,
01/20,4238,250120200949045,11.85,,0,10.49,135910,Magoos Rewards,,
01/20,4238,250120200906455,2.49,,0,9.49,135910,Magoos Rewards,,
01/20,4238,250120201435793,2.49,,0,9.49,135910,Magoos Rewards,,
01/20,4238,250120195532179,1.59,,0,8.59,135910,Magoos Rewards,,
01/20,4238,250120201811676,1.59,,0,8.59,135910,Magoos Rewards,,
01/20,4238,250120201308150,2.49,,0,9.49,135910,Magoos Rewards,,
01/20,4238,250120202515730,2.49,,0,9.49,135910,Magoos Rewards,,
01/20,4238,250120202523937,2.99,,0,8.59,135910,Magoos Rewards,,
01/20,4238,250120203855714,2.49,,0,9.49,135910,Magoos Rewards,,
01/20,4238,250120204309809,2.49,,0,9.49,135910,Magoos Rewards,,
01/20,4238,4016,21.68,80538,10.49,10.49,135910,Magoos Rewards,128018,7a9550c8-f60c-4b0e-9805-35bafe046861
01/20,4238,250120210515083,2.49,,0,9.49,135910,Magoos Rewards,,
01/20,4238,250120211329284,2.49,,0,8.59,135910,Magoos Rewards,,
01/20,4238,250120212401620,2.49,,0,8.59,135910,Magoos Rewards,,
01/20,4238,250120213420107,2.49,,0,8.59,135910,Magoos Rewards,,
01/20,4238,250120214726910,2.99,,0,9.49,135910,Magoos Rewards,,
01/20,4238,250120215548771,2.49,,0,8.59,135910,Magoos Rewards,,
01/20,4238,250120215804103,2.99,,0,8.59,135910,Magoos Rewards,,
01/20,4238,250120220034207,2.49,,0,9.49,135910,Magoos Rewards,,
01/20,4238,250120220331810,2.49,,0,9.49,135910,Magoos Rewards,,
01/20,4238,250120215644147,2.49,,0,8.59,135910,Magoos Rewards,,
01/20,4238,250120220040143,6.74,,0,8.59,135910,Magoos Rewards,,
01/20,4238,250120220427761,2.49,,0,8.59,135910,Magoos Rewards,,
01/20,4238,250120224301947,2.49,,0,8.59,135910,Magoos Rewards,,
01/20,4238,250120230718603,2.49,,0,9.49,135910,Magoos Rewards,,
01/20,4238,250120230634383,2.49,,0,8.59,135910,Magoos Rewards,,
01/20,4238,3059,0.75,38280,8.59,8.59,135910,Magoos Rewards,286568,c3d96e60-fccd-405c-910a-5040974cd639
01/20,4238,250120232059942,5.27,,0,8.59,135910,Magoos Rewards,,
01/20,4238,250120232513956,31.32,,0,8.59,135910,Magoos Rewards,,
01/20,4238,250120234919842,10.49,,0,10.49,135910,Magoos Rewards,,
01/20,4238,250121003401169,2.49,,0,8.59,135910,Magoos Rewards,,
01/20,4238,250121003717548,2.49,,0,8.59,135910,Magoos Rewards,,
01/20,4238,250121003525104,2.49,,0,8.59,135910,Magoos Rewards,,
01/20,4238,250121010837354,2.49,,0,8.59,135910,Magoos Rewards,,
01/20,4238,250121010923967,2.49,,0,8.59,135910,Magoos Rewards,,
01/20,4238,250121010934876,2.49,,0,8.59,135910,Magoos Rewards,,
01/20,4238,250121012840876,2.49,,0,8.59,135910,Magoos Rewards,,
01/20,4238,250121015338855,2.49,,0,8.59,135910,Magoos Rewards,,
01/20,4238,250121020435489,32.23,,0,1.69,135910,Magoos Rewards,,
01/20,4238,3081,4.18,41953,9.49,9.49,135910,Magoos Rewards,286568,793e3f58-4126-43f4-a04d-bdb09414c7aa
01/20,4241,250120171836268,2.89,,0,9.99,135910,Magoos Rewards,,
01/20,4241,250120194604764,2.89,,0,9.99,135910,Magoos Rewards,,
01/20,4241,250120200215581,3.19,,0,9.99,135910,Magoos Rewards,,
01/20,4241,3033,3.68,38280,9.99,9.99,135910,Magoos Rewards,200256,3c58e35b-c934-4679-a1b9-3253b1f0463f
01/20,4241,250120205228506,2.89,,0,9.99,135910,Magoos Rewards,,
01/20,4241,250120205059266,2.89,,0,9.99,135910,Magoos Rewards,,
01/20,4241,250120210419933,2.89,,0,9.99,135910,Magoos Rewards,,
01/20,4241,2013,2.89,38280,9.99,9.99,135910,Magoos Rewards,82888,7fc95c04-b4be-4c58-9976-7578b442b76a
01/20,4241,250121020247264,2.89,,0,9.99,135910,Magoos Rewards,,
01/20,4241,250121020216555,2.89,,0,9.99,135910,Magoos Rewards,,
01/20,4243,250120174322935,11.49,,0,11.49,135910,Magoos Rewards,,
01/20,4243,250120174548842,10.49,,0,10.49,135910,Magoos Rewards,,
01/20,4243,250120175834995,16.78,,0,10.49,135910,Magoos Rewards,,
01/20,4243,250120180540988,2.29,,0,8.29,135910,Magoos Rewards,,
01/20,4243,250120180626541,10.28,,0,8.29,135910,Magoos Rewards,,
01/20,4243,250120211221285,10.49,,0,10.49,135910,Magoos Rewards,,
01/20,4243,2002,2.29,38280,8.29,8.29,135910,Magoos Rewards,224117,8c9a25b8-3c99-4b7a-98ae-adad060fef3d
01/20,4243,250120214153152,50.48,,0,10.49,135910,Magoos Rewards,,
01/20,4243,250121000136539,16.47,,0,10.49,135910,Magoos Rewards,,
01/20,4244,250120170258961,7.19,,0,8.49,135910,Magoos Rewards,,
01/20,4244,4038,6.86,38280,8.49,8.49,135910,Magoos Rewards,97457,76a04cbf-5d53-43e8-8c8d-f469a3fa37f1
01/20,4244,4039,3.48,41953,9.24,9.24,135910,Magoos Rewards,97457,0f0701e9-341e-4c42-8656-6a5563dcba05
01/20,4244,4044,13.87,38280,8.49,8.49,135910,Magoos Rewards,97457,9427ad9b-ef23-43c2-84f1-4a348b449ee5
01/20,4244,4060,12.78,38280,8.49,8.49,135910,Magoos Rewards,97457,805c4d30-64f2-4926-9fa5-36d7b7dbae46
01/20,4244,4062,5.68,38280,8.49,8.49,135910,Magoos Rewards,97457,cbfee671-0b17-4ee5-9359-2c4dd032abea
01/20,4244,4063,14.47,38280,8.49,8.49,135910,Magoos Rewards,97457,d252dc90-cd30-4cff-a025-e2587755b207
01/20,4244,250120234740672,2.69,,0,8.49,135910,Magoos Rewards,,
01/20,4244,250121000725229,2.99,,0,8.49,135910,Magoos Rewards,,
01/20,4244,4084,33.16,38280,8.49,8.49,135910,Magoos Rewards,97457,b260fb43-299c-4d9a-b35b-2ffd1378d0cf
01/20,4245,250120210658550,2.99,,0,8.99,135910,Magoos Rewards,,
01/20,4245,250120211025661,2.99,,0,8.99,135910,Magoos Rewards,,
01/20,4246,4026,2.99,38280,8.99,8.99,135910,Magoos Rewards,189865,c20fd230-75ff-4d78-83eb-076f17e77fc5
01/20,4246,250120192754250,9.98,,0,8.99,135910,Magoos Rewards,,
01/20,4246,250120230948849,2.99,,0,8.99,135910,Magoos Rewards,,
01/20,4246,250120231305661,2.99,,0,8.99,135910,Magoos Rewards,,
01/20,4246,250120230755495,21.48,,0,10.49,135910,Magoos Rewards,,
01/20,4246,2046,2.99,38280,8.99,8.99,135910,Magoos Rewards,292910,51df9742-a6e3-48c7-abc6-137d492aed7e
01/20,4246,250121004145687,29.42,,0,8.99,135910,Magoos Rewards,,
01/20,4246,4061,2.99,38280,8.99,8.99,135910,Magoos Rewards,162748,7a29c1b2-f4cc-4ceb-a577-7cf9201bb877
01/20,4247,250120155524524,12.98,,0,8.99,135910,Magoos Rewards,,
01/20,4247,250120165147954,10.99,,0,10.99,135910,Magoos Rewards,,
01/20,4247,9025,2.99,38280,8.99,8.99,135910,Magoos Rewards,81144,fd7a47a4-2ec6-4fd6-afb1-cfc3851129da
01/20,4247,9052,11.98,38280,8.99,8.99,135910,Magoos Rewards,136742,50bfe6c2-effe-4483-8a38-b64dc7bc4876
01/20,4247,9087,2.99,38280,8.99,8.99,135910,Magoos Rewards,136742,48e56a0c-208c-43bf-b067-532339e17723
01/20,4247,4037,15.97,38280,8.99,8.99,135910,Magoos Rewards,252296,820b076c-684c-4e9c-9b6c-01e9cc8a1b0b
01/20,4247,4038,2.99,41953,9.74,9.74,135910,Magoos Rewards,252296,01774a06-922f-4d88-98ac-478e36cd57db
01/20,4247,9092,3.88,41953,9.74,9.74,135910,Magoos Rewards,136742,6d3e2e1e-93b8-4c51-ad01-fdf65ea884cf
01/20,4247,9104,52.34,38280,8.99,8.99,135910,Magoos Rewards,136742,1fe17546-f2b4-4f02-a61a-e06e63aba30b
01/20,4247,9120,2.99,38280,8.99,8.99,135910,Magoos Rewards,136742,4d188cfb-02f9-4c97-8346-7cb8b0f0a135
01/20,4247,250120220927848,4.77,,0,8.99,135910,Magoos Rewards,,
01/20,4247,250120233156824,2.99,,0,8.99,135910,Magoos Rewards,,
01/20,4247,250121000830116,2.99,,0,8.99,135910,Magoos Rewards,,
01/20,4247,250121001220312,2.99,,0,9.74,135910,Magoos Rewards,,
01/20,4247,250121001043291,11.98,,0,8.99,135910,Magoos Rewards,,
01/20,4247,250121001725303,2.99,,0,9.74,135910,Magoos Rewards,,
01/20,4247,250121001838467,2.99,,0,8.99,135910,Magoos Rewards,,
01/20,4247,250121002231632,2.99,,0,8.99,135910,Magoos Rewards,,
01/20,4247,4090,2.99,38280,8.99,8.99,135910,Magoos Rewards,252305,dd5c0c1e-ebcf-4003-96d5-a6d0ab20b53a
01/20,4247,250121003821960,5.87,,0,8.99,135910,Magoos Rewards,,
01/20,4247,250121004126051,2.99,,0,9.74,135910,Magoos Rewards,,
01/20,4247,3012,2.99,41953,9.74,9.74,135910,Magoos Rewards,81144,6aa1d8a3-ca7e-40cc-a4b9-64b295c57d93
01/20,4247,3013,2.99,41953,9.74,9.74,135910,Magoos Rewards,81144,fbb1d592-51cb-490e-b877-2cf78b6619e3
01/20,4248,2003,2.59,38280,9.49,9.49,135910,Magoos Rewards,102239,941161c4-f8d6-43e3-8035-c10462b0c259
01/20,4248,2013,3.59,38280,9.49,9.49,135910,Magoos Rewards,80780,4b3f0897-f364-4af0-a1b7-aec258acd9b3
01/20,4248,250120175835539,2.59,,0,9.49,135910,Magoos Rewards,,
01/20,4248,250120180929895,2.59,,0,9.49,135910,Magoos Rewards,,
01/20,4248,4024,15.18,41953,10.69,10.69,135910,Magoos Rewards,80319,3044d251-0537-45d8-b0d2-538f19ec0bb1
01/20,4248,4026,6.77,38280,9.49,9.49,135910,Magoos Rewards,80319,3bdd697b-a4b8-4350-923e-6b6154af995b
01/20,4248,2019,4.28,38280,9.49,9.49,135910,Magoos Rewards,80780,936ae2ab-1e9d-4dfd-9335-fc2c1907a45a
01/20,4248,4027,13.75,38280,9.49,9.49,135910,Magoos Rewards,85202,155b551e-c8e1-438d-a544-b4d3a0979847
01/20,4248,2020,11.58,38280,9.49,9.49,135910,Magoos Rewards,80780,026e74f6-a5a8-42ec-89b2-fc8d7bc53942
01/20,4248,4028,2.59,38280,9.49,9.49,135910,Magoos Rewards,85202,a95cd7b6-abdb-45f0-bb4d-1bbb51e51a40
01/20,4248,2021,17.27,38280,9.49,9.49,135910,Magoos Rewards,80780,ff255a8f-14f9-46be-92dc-e7c86c2083c6
01/20,4248,2027,3.98,38280,9.49,9.49,135910,Magoos Rewards,80780,65f9725d-2929-461f-ba35-2422a97436cb
01/20,4248,250120194444897,2.59,,0,9.49,135910,Magoos Rewards,,
01/20,4248,4039,2.59,38280,9.49,9.49,135910,Magoos Rewards,80780,4f4181a0-3837-48c5-9dda-4eabdc297322
01/20,4248,4040,2.59,38280,9.49,9.49,135910,Magoos Rewards,80443,d97c2777-e659-4bee-84db-4acde8364775
01/20,4248,3008,6.58,38280,9.49,9.49,135910,Magoos Rewards,80319,cb8a004b-4fb3-4683-978b-7a9932b96531
01/20,4248,2034,2.59,38280,9.49,9.49,135910,Magoos Rewards,80780,d9a06ac8-a642-4fed-9a6c-fbb88ca1c290
01/20,4248,4046,2.59,38280,9.49,9.49,135910,Magoos Rewards,80443,36a32674-57a6-49bf-8a4a-e1883ebd6fbf
01/20,4248,250120203151529,2.59,,0,9.49,135910,Magoos Rewards,,
01/20,4248,4051,2.59,41953,10.69,10.69,135910,Magoos Rewards,283066,22a59b17-1766-4d0e-b90e-0472a796bd6d
01/20,4248,2039,2.59,38280,9.49,9.49,135910,Magoos Rewards,214812,c45f502d-a4dd-440b-966d-e420ffc9bc3e
01/20,4248,4065,6.18,38280,9.49,9.49,135910,Magoos Rewards,283066,7bd3806f-c2f8-4ce3-bfa9-6de3bd0383e3
01/20,4248,4067,3.28,41953,10.69,10.69,135910,Magoos Rewards,80319,3f5c72ea-37af-4bb6-b5db-ca59c19d327d
01/20,4248,3013,17.97,38280,9.49,9.49,135910,Magoos Rewards,214812,b6f21c20-c684-4525-b1ee-70a6914ef553
01/20,4248,4081,17.17,38280,9.49,9.49,135910,Magoos Rewards,80443,07f8d5e8-760b-4002-b79d-fc870761630e
01/20,4248,4082,6.58,38280,9.49,9.49,135910,Magoos Rewards,80443,3bed8bb1-ebd1-4c08-864a-a57d7b5fd6c0
01/20,4248,4088,2.59,38280,9.49,9.49,135910,Magoos Rewards,283066,b3c9a214-ffe4-4540-8d7b-52e7dd3630ec
01/20,4250,3028,17.27,38280,9.49,9.49,135910,Magoos Rewards,180455,386d3360-edc0-45b6-a6ad-485b56055712
01/20,4250,4004,2.59,38280,9.49,9.49,135910,Magoos Rewards,180455,ed637784-d417-4254-83c2-9fac1dd9919f
01/20,4250,4006,2.59,38280,9.49,9.49,135910,Magoos Rewards,180455,f509f62e-5204-431a-b044-6c7386e5966c
01/20,4250,250120204839547,2.59,,0,9.49,135910,Magoos Rewards,,
01/20,4250,250120213401151,2.59,,0,9.49,135910,Magoos Rewards,,
01/20,4250,4013,2.59,38280,9.49,9.49,135910,Magoos Rewards,246117,0da8d49c-f52f-4073-9ce8-7ee90b66efc4
01/20,4250,4014,2.59,38280,9.49,9.49,135910,Magoos Rewards,246117,49500a43-d6c8-4fd0-94e6-2b97f150f59c
01/20,4250,250120225425009,2.59,,0,9.49,135910,Magoos Rewards,,
01/20,4250,3052,24.85,38280,9.49,9.49,135910,Magoos Rewards,246117,8813795d-4a9e-48d1-bf7f-a2a52fff109e
01/20,4250,250121011345610,14.58,,0,9.49,135910,Magoos Rewards,,
01/20,4250,250121014137505,2.59,,0,9.49,135910,Magoos Rewards,,
01/20,4251,3003,13.58,41953,10.69,10.69,135910,Magoos Rewards,153834,80f5641e-04fb-4aa9-9733-64474801d8ec
01/20,4251,250120172702105,2.59,,0,10.69,135910,Magoos Rewards,,
01/20,4251,2008,2.59,38280,9.49,9.49,135910,Magoos Rewards,153834,bc4dbfb7-67ec-468e-bbe6-d655347cdaa0
01/20,4251,3006,2.59,38280,9.49,9.49,135910,Magoos Rewards,153834,1a64a14d-baee-4b47-bc58-3ac9b6a696e6
01/20,4251,2010,4.67,38280,9.49,9.49,135910,Magoos Rewards,238542,20bed215-974a-4df9-b014-2ad4e9e02d8e
01/20,4251,2014,2.59,41953,10.69,10.69,135910,Magoos Rewards,238542,777dc90e-6797-45f9-9266-f3bc6b3db612
01/20,4251,3012,12.94,41953,10.69,10.69,135910,Magoos Rewards,153834,71defc3d-ea6e-40db-8481-22c84d66316d
01/20,4251,3013,13.53,38280,9.49,9.49,135910,Magoos Rewards,153834,e3c82006-cc20-43cb-b774-5507c51a1fdd
01/20,4251,250120190133085,11.99,,0,2.59,135910,Magoos Rewards,,
01/20,4251,250120191246167,2.59,,0,9.49,135910,Magoos Rewards,,
01/20,4251,2019,2.59,38280,9.49,9.49,135910,Magoos Rewards,238542,59a64621-96e3-41dc-be0d-c2372a82e52a
01/20,4251,2021,3.28,38280,9.49,9.49,135910,Magoos Rewards,238542,e25099c1-1c38-4320-bdc8-5b240112da3d
01/20,4251,2022,22.3,38280,9.49,9.49,135910,Magoos Rewards,153834,125c1517-dcf4-4d2e-b2cc-e4ecb5d9d1cf
01/20,4251,3016,3.28,38280,9.49,9.49,135910,Magoos Rewards,238542,6f58a285-2f40-47d8-a9f4-445943e04855
01/20,4251,2024,2.59,41953,10.69,10.69,135910,Magoos Rewards,238542,f84d6451-1d32-4f73-bfae-bc74e392ec00
01/20,4251,2025,2.59,38280,9.49,9.49,135910,Magoos Rewards,238542,176291e1-f720-4196-82a5-75fa0be055af
01/20,4251,3017,2.59,41953,10.69,10.69,135910,Magoos Rewards,153834,dc934b40-60b3-42f4-b608-fc8ee2220e5c
01/20,4251,3018,2.59,41953,10.69,10.69,135910,Magoos Rewards,153834,46b2f9e7-38d7-42e1-ad52-a2cb041637ab
01/20,4251,3020,2.59,38280,9.49,9.49,135910,Magoos Rewards,153834,74349c62-ba35-49a9-9291-910958b013b7
01/20,4251,4003,3.28,38280,9.49,9.49,135910,Magoos Rewards,153834,e453332c-c385-4194-9ce6-64184756013f
01/20,4251,2031,2.59,38280,9.49,9.49,135910,Magoos Rewards,238542,98e189c8-9942-4c5f-9913-b0e3e2369cc5
01/20,4251,2032,2.59,38280,9.49,9.49,135910,Magoos Rewards,238542,61ddd2ab-8362-4d22-9635-d2a342416ef0
01/20,4251,2034,5.27,38280,9.49,9.49,135910,Magoos Rewards,238542,0df92f6e-c387-4fd1-85a9-a349490b3ee1
01/20,4251,2035,2.59,38280,9.49,9.49,135910,Magoos Rewards,238542,3850aaa3-f5a5-417f-9178-fe15a27d4438
01/20,4251,3023,2.59,38280,9.49,9.49,135910,Magoos Rewards,73065,5ba00118-4045-4c90-95ff-9785c022c750
01/20,4251,3025,2.59,38280,9.49,9.49,135910,Magoos Rewards,238542,273826c4-7eaa-4783-9b61-57c7e43d1c90
01/20,4251,3026,2.59,38280,9.49,9.49,135910,Magoos Rewards,238542,792813f3-45be-4e8e-a15b-d05dd209210d
01/20,4251,3027,2.59,38280,9.49,9.49,135910,Magoos Rewards,238542,06e1328c-b90e-40ca-853a-0b13c9e7eca3
01/20,4251,3028,2.59,38280,9.49,9.49,135910,Magoos Rewards,238542,c1740bf9-b6a8-4b66-8af9-0a5552c2254f
01/20,4251,3032,4.66,38280,9.49,9.49,135910,Magoos Rewards,190837,4fbd5a05-5a48-435a-b274-9753ba7df293
01/20,4251,250120231920047,2.59,,0,10.69,135910,Magoos Rewards,,
01/20,4251,250120232601129,2.59,,0,9.49,135910,Magoos Rewards,,
01/20,4251,250120232920278,2.59,,0,9.49,135910,Magoos Rewards,,
01/20,4251,2048,10.99,80538,10.99,10.99,135910,Magoos Rewards,158099,7bc43da7-13bd-43c2-b37e-8b8577b81337
01/20,4251,3043,13.28,41953,10.69,10.69,135910,Magoos Rewards,83449,6d76f6ff-1a71-4502-b5bf-a09904654140
01/20,4251,3047,12.77,38280,9.49,9.49,135910,Magoos Rewards,190837,40a20945-4fd6-4aa9-a1b6-99d7d4f5ff28
01/20,4252,250120170729686,2.59,,0,10.69,135910,Magoos Rewards,,
01/20,4252,4018,7.26,38280,9.49,9.49,135910,Magoos Rewards,83400,54057386-1c73-4d1c-94b1-19c47ed47e92
01/20,4252,4019,3.28,38280,9.49,9.49,135910,Magoos Rewards,83400,877d3118-fa56-4d6a-9409-40d0607557b5
01/20,4252,4020,2.59,38280,9.49,9.49,135910,Magoos Rewards,83400,40ca308b-6d76-483c-96dd-3fcdd23951ee
01/20,4252,4025,2.59,38280,9.49,9.49,135910,Magoos Rewards,83400,fd5461c5-1508-4da9-9b1c-a55f633d0f8e
01/20,4252,4026,2.59,38280,9.49,9.49,135910,Magoos Rewards,83400,756ad9a6-b900-46de-abf5-fd7f9a3b06c3
01/20,4252,4049,9.58,38280,9.49,9.49,135910,Magoos Rewards,83400,a81b9fb4-ca07-48a5-bbc7-8b803aadc24b
01/20,4252,4051,16.57,38280,9.49,9.49,135910,Magoos Rewards,83400,b480cfef-8abe-425d-bbd5-514209adb444
01/20,4252,250120203757661,11.99,,0,11.99,135910,Magoos Rewards,,
01/20,4252,3022,2.59,41953,10.69,10.69,135910,Magoos Rewards,83399,9007cdd0-f6b4-48b5-8cd5-134c904f0d04
01/20,4252,3030,3.28,38280,9.49,9.49,135910,Magoos Rewards,83399,ecf6fbd9-7c83-433e-8fbc-d0942498be65
01/20,4252,3031,2.59,38280,9.49,9.49,135910,Magoos Rewards,178496,15d761af-805a-40b4-8021-5a5055eb3beb
01/20,4252,3020,2.59,38280,9.49,9.49,135910,Magoos Rewards,178496,0e825a7b-d18c-46d0-9dc7-9797c80c5894
01/20,4252,250120213930221,16.58,,0,9.49,135910,Magoos Rewards,,
01/20,4252,4068,2.59,38280,9.49,9.49,135910,Magoos Rewards,178496,a961c7be-2426-4867-a3e4-5c5008ec4cf0
01/20,4252,2004,2.59,41953,10.69,10.69,135910,Magoos Rewards,178496,92487343-da1c-4573-b78d-02e3776ee357
01/20,4252,3034,2.59,38280,9.49,9.49,135910,Magoos Rewards,178496,3e3de2e9-4714-45f8-be36-a43d4258bfe5
01/20,4252,3048,2.59,41953,10.69,10.69,135910,Magoos Rewards,151716,34a310bc-61a8-47f4-a83a-bc196b5e48da
01/20,4252,3049,2.59,41953,10.69,10.69,135910,Magoos Rewards,151716,89c7418d-32a6-49f8-a7a6-e8eee115c21f
01/20,4252,250121004445417,2.59,,0,9.49,135910,Magoos Rewards,,
01/20,4252,250121004910031,2.59,,0,9.49,135910,Magoos Rewards,,
01/20,4253,250120170854134,17.58,,0,9.49,135910,Magoos Rewards,,
01/20,4253,250120201729195,14.58,,0,9.49,135910,Magoos Rewards,,
01/20,4253,3035,2.59,38280,9.49,9.49,135910,Magoos Rewards,97469,717569be-2370-4d4e-b3d4-2db5fe061885
01/20,4253,250120230058785,2.59,,0,9.49,135910,Magoos Rewards,,
01/20,4254,250120180211690,2.29,,0,7.99,135910,Magoos Rewards,,
01/20,4254,250120180832213,9.28,,0,7.99,135910,Magoos Rewards,,
01/20,4254,3013,12.57,38280,7.99,7.99,135910,Magoos Rewards,93315,ce6d4078-fb59-4ab3-9cbc-3280ac41b5ef
01/20,4254,250120191322136,2.29,,0,7.99,135910,Magoos Rewards,,
01/20,4254,250120201613476,2.29,,0,7.99,135910,Magoos Rewards,,
01/20,4254,250120205815504,14.36,,0,8.99,135910,Magoos Rewards,,
01/20,4255,250120165510852,25.35,,0,10.99,135910,Magoos Rewards,,
01/20,4255,250120172557944,2.39,,0,9.49,135910,Magoos Rewards,,
01/20,4255,3014,2.39,38280,9.49,9.49,135910,Magoos Rewards,275764,b04cbc56-3c4e-4563-b1d3-2933b1c16003
01/20,4255,4013,2.39,38280,9.49,9.49,135910,Magoos Rewards,171124,1825ae40-8ba2-4583-8b68-974dd8e54070
01/20,4255,4014,2.39,38280,9.49,9.49,135910,Magoos Rewards,171124,1fb31eb0-078e-4cbd-bb22-d842014db81d
01/20,4255,250120185322467,16.25,,0,10.99,135910,Magoos Rewards,,
01/20,4255,4019,2.39,38280,9.49,9.49,135910,Magoos Rewards,109728,5aef3378-6bc6-4c49-add3-2917a2e12e9a
01/20,4255,250121003503058,10.99,,0,10.99,135910,Magoos Rewards,,
01/20,4256,3029,7.68,38280,8.99,8.99,135910,Magoos Rewards,89362,69a303fa-c991-41fa-8486-e3ace8c77ef8
01/20,4256,3065,15.16,38280,8.99,8.99,135910,Magoos Rewards,89372,6bd06f27-2090-4900-88c1-22517195750c
01/20,4258,250120155818901,11.08,,0,10.49,135910,Magoos Rewards,,
01/20,4258,250120164753021,21.28,,0,10.49,135910,Magoos Rewards,,
01/20,4258,250120182208587,11.08,,0,10.49,135910,Magoos Rewards,,
01/20,4258,3056,2.29,38280,8.29,8.29,135910,Magoos Rewards,91306,a4bd49c1-570e-41f5-ba5e-b166489db9ce
01/20,4258,250120205352015,26.44,,0,8.29,135910,Magoos Rewards,,
01/20,4258,250120224536414,13.44,,0,10.49,135910,Magoos Rewards,,
01/20,4259,4003,2.69,41953,8.74,8.74,135910,Magoos Rewards,86126,ca76dae3-ff95-41f9-91bf-b77bb5f85bcd
01/20,4259,250120173448396,3.48,,0,7.99,135910,Magoos Rewards,,
01/20,4259,250120174922454,11.49,,0,11.49,135910,Magoos Rewards,,
01/20,4259,250120181341302,10.49,,0,10.49,135910,Magoos Rewards,,
01/20,4259,250120181604448,8.68,,0,7.99,135910,Magoos Rewards,,
01/20,4259,250120220136017,2.99,,0,7.99,135910,Magoos Rewards,,
01/20,4259,250120222656828,59.39,,0,10.49,135910,Magoos Rewards,,
01/20,4259,250121000423754,2.69,,0,7.99,135910,Magoos Rewards,,
01/20,4259,250121000501033,14.93,,0,7.99,135910,Magoos Rewards,,
01/20,4259,250121002636251,21.48,,0,10.49,135910,Magoos Rewards,,
01/20,4259,250121004300298,2.69,,0,7.99,135910,Magoos Rewards,,
01/20,4259,250121004429345,2.69,,0,7.99,135910,Magoos Rewards,,
01/20,4261,250120190638993,2.29,,0,8.29,135910,Magoos Rewards,,
01/20,4261,250120192255155,10.49,,0,10.49,135910,Magoos Rewards,,
01/20,4261,3078,13.78,80539,11.49,11.49,135910,Magoos Rewards,274280,5bc8cda7-ef79-4d7b-9b3c-74238a99fe30
01/20,4261,250120212826735,16.07,,0,3.49,135910,Magoos Rewards,,
01/20,4261,250120221846404,2.29,,0,8.29,135910,Magoos Rewards,,
01/20,4261,250120225051392,15.57,,0,11.49,135910,Magoos Rewards,,
01/20,4261,3102,3.47,38280,8.29,8.29,135910,Magoos Rewards,187670,4dfd0ec3-a855-41ec-afc5-1ca57d5d2008
01/20,4261,250121000906759,11.49,,0,11.49,135910,Magoos Rewards,,
01/20,4350,3003,5.37,38280,9.49,9.49,135910,Magoos Rewards,87011,328d5f18-d58d-44e6-b696-ff781d515f17
01/20,4350,3004,2.39,38280,9.49,9.49,135910,Magoos Rewards,87011,0e6a88f8-8ed6-4d57-924e-10ab2f90783d
01/20,4350,4001,17.56,38280,9.49,9.49,135910,Magoos Rewards,87011,db64435e-4ea4-4e52-a858-1fc3ebe09916
01/20,4350,250120182606702,10.99,,0,10.99,135910,Magoos Rewards,,
01/20,4350,250120183605165,2.39,,0,9.49,135910,Magoos Rewards,,
01/20,4350,250120215511757,2.39,,0,9.49,135910,Magoos Rewards,,
01/20,4350,250120230319873,2.99,,0,9.49,135910,Magoos Rewards,,
01/20,4799,4004,2.49,38280,7.99,7.99,135910,Magoos Rewards,191226,d5585b55-faa8-453e-9f06-0749336657f5
01/20,4799,250120160429199,39.94,,0,7.99,135910,Magoos Rewards,,
01/20,4799,4010,6.36,38280,7.99,7.99,135910,Magoos Rewards,191226,0641edaf-cb95-4c9a-9b26-934c769bf7ab
01/20,4799,4032,4.86,38280,7.99,7.99,135910,Magoos Rewards,191226,33e3d6ae-7318-409b-ba25-df514f1241e6
01/20,4799,250120183710667,2.49,,0,7.99,135910,Magoos Rewards,,
01/20,4799,250120184032635,2.49,,0,7.99,135910,Magoos Rewards,,
01/20,4799,250120223806743,2.49,,0,8.74,135910,Magoos Rewards,,
01/20,4799,250120224040245,11.85,,0,10.49,135910,Magoos Rewards,,
01/20,4799,250120223917491,14.16,,0,10.49,135910,Magoos Rewards,,
01/20,4799,250120234921193,10.49,,0,10.49,135910,Magoos Rewards,231325,
01/20,4814,250120165220822,2.39,,0,9.49,135910,Magoos Rewards,,
01/20,4814,250120172649521,2.39,,0,9.49,135910,Magoos Rewards,,
01/20,4814,4017,14.38,38280,9.49,9.49,135910,Magoos Rewards,204129,72c7961c-a413-433d-bac5-4e6111d03b66
01/20,4814,4021,5.63,38280,9.49,9.49,135910,Magoos Rewards,204129,511a2b88-66d3-4673-95a8-dbbccdccb079
01/20,4814,6027,2.99,38280,9.49,9.49,135910,Magoos Rewards,204125,22bcb7e1-8ec0-428c-a50b-65ce9e140f4a
01/20,4849,3012,14.97,38280,9.49,9.49,135910,Magoos Rewards,284849,d9bc5299-2902-49d5-ac2a-57e422fb715d
01/20,4849,250120180521085,11.38,,0,9.49,135910,Magoos Rewards,,
01/20,4849,3019,4.28,38280,9.49,9.49,135910,Magoos Rewards,284849,190b8c85-25dc-41ba-8743-cd543d7f2c93
01/20,4849,3020,4.28,38280,9.49,9.49,135910,Magoos Rewards,284849,9305e7be-35a9-4a16-9ce5-7855ae40dc7a
01/20,4849,3042,3.57,38280,9.49,9.49,135910,Magoos Rewards,284849,28c23678-911c-4dd2-8e56-72b38b9a8215
01/20,4849,3043,2.98,38280,9.49,9.49,135910,Magoos Rewards,284849,d2f3bf5c-2fcf-466c-b550-b6422b8101a3
01/20,4849,3044,2.98,38280,9.49,9.49,135910,Magoos Rewards,284849,800376e0-4262-42d1-b5ca-6a4bd47ff7c0
01/20,4849,250120195923198,2.99,,0,9.49,135910,Magoos Rewards,,
01/20,4849,3053,15.71,41953,10.24,10.24,135910,Magoos Rewards,99609,cd881817-888b-42e2-bc2d-bb3e82d9bffb
01/20,4849,250121002155604,2.99,,0,9.49,135910,Magoos Rewards,,
01/20,4849,250121002209828,14.57,,0,9.49,135910,Magoos Rewards,,
01/20,4867,5004,13.98,41953,9.49,9.49,135910,Magoos Rewards,85566,6e43efd7-1735-414f-9d61-cb30dce63f15
01/20,4867,250120164028141,10.49,,0,10.49,135910,Magoos Rewards,,
01/20,4867,2004,23.86,38280,8.59,8.59,135910,Magoos Rewards,84358,9f6c6591-ce6a-4bf1-9519-3c6a2127f114
01/20,4867,250120194016800,6.47,,0,8.59,135910,Magoos Rewards,,
01/20,4867,250120194129097,3.28,,0,8.59,135910,Magoos Rewards,,
01/20,4867,250120201316105,15.18,,0,8.59,135910,Magoos Rewards,,
01/20,4867,2036,2.99,38280,8.59,8.59,135910,Magoos Rewards,85566,75775de8-6b9a-464a-9d16-5e135bdaa143
01/20,4867,2037,2.99,38280,8.59,8.59,135910,Magoos Rewards,85566,fef1cfcf-7826-4fae-8572-345b79cb460d
01/20,4867,250120213347712,2.69,,0,8.59,135910,Magoos Rewards,,
01/20,4867,250120213508681,2.69,,0,8.59,135910,Magoos Rewards,,
01/20,4867,2060,13.68,38280,8.59,8.59,135910,Magoos Rewards,155957,3b8440f7-bff7-4b7b-99f8-27093711f6e5
01/20,4867,250120235452916,2.69,,0,8.59,135910,Magoos Rewards,,
01/20,4868,3018,2.29,38280,7.99,7.99,135910,Magoos Rewards,96998,00cf064f-18ce-44b6-afca-620e297e0185
01/20,4868,4008,2.29,41953,8.89,8.89,135910,Magoos Rewards,209537,8461e168-901e-4d76-9ac0-582bf81ffef3
01/20,4868,250120182624304,2.29,,0,7.99,135910,Magoos Rewards,,
01/20,4868,250120193922768,2.29,,0,7.99,135910,Magoos Rewards,,
01/20,4868,250120211347904,2.29,,0,7.99,135910,Magoos Rewards,,
01/20,4868,3063,2.29,38280,7.99,7.99,135910,Magoos Rewards,96998,dd79bd3d-90f1-49f6-89ca-ad51c106646e
01/20,4868,3069,13.78,38280,7.99,7.99,135910,Magoos Rewards,96998,25668b57-aa24-4a0f-be07-c3aa1ab229d0
01/20,4868,250120223324979,13.18,,0,7.99,135910,Magoos Rewards,,
01/20,4868,250120234907506,28.63,,0,8.99,135910,Magoos Rewards,,
01/20,4872,3013,17.17,38280,9.49,9.49,135910,Magoos Rewards,255658,4580d0ed-4dca-4244-9517-ab0faebf3f1b
01/20,4872,250120194720356,2.59,,0,9.49,135910,Magoos Rewards,,
01/20,4872,250120194721909,2.59,,0,9.49,135910,Magoos Rewards,,
01/20,4872,250120234502322,12.08,,0,9.49,135910,Magoos Rewards,,
01/20,4872,3046,23.33,,0,15.91,135910,Magoos Rewards,196901,a2fafa17-3bba-49cb-8968-1fa479c50d53
01/20,4878,250120182709721,13.65,,0,10.49,135910,Magoos Rewards,,
01/20,4878,250120181012150,1.99,,0,7.99,135910,Magoos Rewards,,
01/20,4878,250120185035561,2.59,,0,7.99,135910,Magoos Rewards,,
01/20,4878,250120230517989,1.99,,0,7.99,135910,Magoos Rewards,,
01/20,4884,250120165350110,4.46,,0,7.99,135910,Magoos Rewards,,
01/20,4884,250120172156049,2.69,,0,7.99,135910,Magoos Rewards,,
01/20,4884,250120185134380,2.19,,0,7.99,135910,Magoos Rewards,,
01/20,4884,250120204104096,8.08,,0,8.74,135910,Magoos Rewards,,
01/20,4884,250120204554408,8.58,,0,8.74,135910,Magoos Rewards,,
01/20,4884,250120211114482,63.46,,0,8.99,135910,Magoos Rewards,,
01/20,4885,3011,2.59,38280,9.49,9.49,135910,Magoos Rewards,185904,8d665b52-d46a-43a6-b99d-5716dede85bf
01/20,4885,250120162939858,2.59,,0,9.49,135910,Magoos Rewards,,
01/20,4885,4027,10.27,38280,9.49,9.49,135910,Magoos Rewards,80777,33a1de90-3d7c-480a-9408-56db4426b444
01/20,4885,3019,16.58,38280,9.49,9.49,135910,Magoos Rewards,185904,c0c487c8-1472-464e-b0d0-4809010b2852
01/20,4885,3027,2.59,38280,9.49,9.49,135910,Magoos Rewards,89109,ddfc6ab5-d31c-408e-a63d-24f6446c6f0e
01/20,4885,3040,21.58,38280,9.49,9.49,135910,Magoos Rewards,80777,cc861ef3-9319-49d7-8252-cb4251a76961
01/20,4886,250120172422753,3.67,,0,9.49,135910,Magoos Rewards,,
01/20,4886,3003,13.16,38280,8.59,8.59,135910,Magoos Rewards,268031,ea55f6cc-5f92-4552-b123-8aac8da8328e
01/20,4886,250120174241355,2.49,,0,8.59,135910,Magoos Rewards,,
01/20,4886,250120174040145,2.49,,0,8.59,135910,Magoos Rewards,,
01/20,4886,250120175025055,2.49,,0,8.59,135910,Magoos Rewards,,
01/20,4886,3006,24.06,80538,10.49,10.49,135910,Magoos Rewards,268031,9eef6dfa-47d7-4fd6-8c36-633fcfaa7103
01/20,4886,250120181714281,2.99,,0,8.59,135910,Magoos Rewards,,
01/20,4886,250120182806045,13.08,,0,8.59,135910,Magoos Rewards,,
01/20,4886,250120182456437,19.08,,0,10.49,135910,Magoos Rewards,,
01/20,4886,250120195130161,10.49,,0,10.49,135910,Magoos Rewards,,
01/20,4886,250120200211392,2.99,,0,8.59,135910,Magoos Rewards,,
01/20,4886,4029,2.49,41953,9.49,9.49,135910,Magoos Rewards,135685,982ea048-3c6f-4519-8d07-bad04fad47ca
01/20,4886,4030,2.49,38280,8.59,8.59,135910,Magoos Rewards,135685,2adffaf2-0505-470a-b7df-4f9ac47f38bd
01/20,4886,2036,10.49,80538,10.49,10.49,135910,Magoos Rewards,139897,4ab2db13-4c96-47e8-8c47-9396d33ac9eb
01/20,4886,250120211015041,2.99,,0,8.59,135910,Magoos Rewards,,
01/20,4886,3026,4.18,38280,8.59,8.59,135910,Magoos Rewards,268031,9fd5884f-2154-4346-8617-4196a601354e
01/20,4886,250120214539447,13.18,,0,10.49,135910,Magoos Rewards,,
01/20,4886,3028,3.67,38280,8.59,8.59,135910,Magoos Rewards,268031,074425b4-f55a-48c9-bbe9-53a42b3a5895
01/20,4886,3031,3.85,38280,8.59,8.59,135910,Magoos Rewards,268031,59e943b0-30f8-4544-bba4-6de11f7f7e3b
01/20,4886,3032,3.17,38280,8.59,8.59,135910,Magoos Rewards,268031,26fd2d11-14f4-4070-8c25-7899dc1733b4
01/20,4886,250120232929837,15.54,,0,10.49,135910,Magoos Rewards,,
01/20,4886,250120233743572,2.49,,0,8.59,135910,Magoos Rewards,,
01/20,4886,3037,23.46,38280,8.59,8.59,135910,Magoos Rewards,218617,4f27b218-f52f-49da-8e33-9f74b665b813
01/20,4886,3038,2.49,38280,8.59,8.59,135910,Magoos Rewards,218617,4e69ffda-9b3e-41bd-a7c9-b44e51c33af3
01/20,4886,250121000024817,11.49,,0,11.49,135910,Magoos Rewards,,
01/20,4886,250121000238960,2.49,,0,8.59,135910,Magoos Rewards,,
01/20,4886,5009,2.49,38280,8.59,8.59,135910,Magoos Rewards,187696,c16b2bab-3041-4dee-aca6-9ff0ff2cd1f0
01/20,4886,3049,2.49,38280,8.59,8.59,135910,Magoos Rewards,218617,30af8ca9-b961-4005-9a20-c21d72bdc3ab
01/20,4886,2052,2.49,38280,8.59,8.59,135910,Magoos Rewards,218617,cdd858a8-01ce-4bec-9491-f93210492d0b
01/20,4886,2054,17.97,80538,10.49,10.49,135910,Magoos Rewards,187696,e1f7c479-76c4-4a44-8ce5-dc41f101eca4
01/20,4887,250120175254356,10.49,,0,10.49,135910,Magoos Rewards,,
01/20,4887,250120180153314,2.29,,0,8.29,135910,Magoos Rewards,,
01/20,4887,2017,2.29,38280,8.29,8.29,135910,Magoos Rewards,261944,be23bb4d-34a9-44eb-ae11-07dcf60817d2
01/20,4887,4019,15.07,80538,10.49,10.49,135910,Magoos Rewards,278965,8498d368-be21-453a-bdcb-07f7624c7019
01/20,4887,250120190744933,2.29,,0,8.29,135910,Magoos Rewards,,
01/20,4887,250120191434995,2.29,,0,8.29,135910,Magoos Rewards,,
01/20,4887,250120192141201,2.29,,0,8.29,135910,Magoos Rewards,,
01/20,4887,250120185701665,2.29,,0,8.29,135910,Magoos Rewards,,
01/20,4887,250120193451810,3.58,,0,8.29,135910,Magoos Rewards,,
01/20,4887,250120193435025,3.47,,0,8.29,135910,Magoos Rewards,,
01/20,4887,250120203151356,2.29,,0,8.29,135910,Magoos Rewards,,
01/20,4887,250120203344186,2.99,,0,8.29,135910,Magoos Rewards,,
01/20,4887,250120205944316,2.99,,0,9.19,135910,Magoos Rewards,,
01/20,4887,250120211647713,15.07,,0,10.49,135910,Magoos Rewards,,
01/20,4887,250120222703263,2.29,,0,8.29,135910,Magoos Rewards,,
01/20,4887,250120222551354,2.29,,0,8.29,135910,Magoos Rewards,,
01/20,4887,250120223232161,10.49,,0,10.49,135910,Magoos Rewards,,
01/20,4887,3118,2.29,38280,8.29,8.29,135910,Magoos Rewards,179017,13e812a5-e8d6-4541-be95-f4adca130c7e
01/20,4887,3119,2.29,41953,9.19,9.19,135910,Magoos Rewards,179017,45b6075d-30e9-47e7-8875-bf00e280d234
01/20,4887,4045,12.78,80538,10.49,10.49,135910,Magoos Rewards,126155,21619f01-404e-4707-8f24-062c22f423d9
01/20,5346,3020,33.84,38280,8.49,8.49,135910,Magoos Rewards,237395,c57e00ce-c925-4b6a-9833-3b749605f890
01/20,5346,4015,2.79,38280,8.49,8.49,135910,Magoos Rewards,101730,221d5f0e-d0fd-49c9-8568-07f5ed559dd7
01/20,5346,250120183921730,10.49,,0,10.49,135910,Magoos Rewards,,
01/20,5346,250120193011165,10.49,,0,10.49,135910,Magoos Rewards,,
01/20,5346,4031,3.48,38280,8.49,8.49,135910,Magoos Rewards,101782,6c5e0c51-d3df-4ec3-9c85-d0a0da43eec9
01/20,5346,250120214121705,10.49,,0,10.49,135910,Magoos Rewards,,
01/20,5346,250120233230709,2.79,,0,8.49,135910,Magoos Rewards,,
01/20,5359,250120171248372,3.19,,0,7.99,135910,Magoos Rewards,,
01/20,5359,250120171140784,3.19,,0,7.99,135910,Magoos Rewards,,
01/20,5359,3013,3.28,38280,7.99,7.99,135910,Magoos Rewards,108407,f9955868-00bf-45d5-a4ba-7cad12e3088b
01/20,5359,2007,2.29,38280,7.99,7.99,135910,Magoos Rewards,217477,ac5eab55-75cd-4c19-b12f-367ef2393a46
01/20,5359,2018,2.29,38280,7.99,7.99,135910,Magoos Rewards,108407,e7b8dc20-973a-4c7c-9028-ef44d22744ee
01/20,5359,250120211704041,8.99,,0,8.99,135910,Magoos Rewards,,
01/20,5359,3042,11.28,38280,7.99,7.99,135910,Magoos Rewards,117413,d4e99167-f239-422a-bd22-e2045261f79a
01/20,5559,250120162206326,3.48,,0,9.39,135910,Magoos Rewards,,
01/20,5559,250120162448676,3.48,,0,9.39,135910,Magoos Rewards,,
01/20,5559,250120163314445,2.79,,0,9.39,135910,Magoos Rewards,,
01/20,5559,250120171933355,9.28,,0,8.49,135910,Magoos Rewards,,
01/20,5559,2008,27.54,38280,8.49,8.49,135910,Magoos Rewards,264171,a324656f-a02a-4498-9113-f221f43ca9c6
01/20,5559,250120175827285,10.49,,0,10.49,135910,Magoos Rewards,,
01/20,5559,250120181605330,11.87,,0,10.49,135910,Magoos Rewards,,
01/20,5559,2024,6.27,38280,8.49,8.49,135910,Magoos Rewards,264171,bab43051-4435-4ac2-883a-cc48a0b28ef1
01/20,5559,2029,2.79,41953,9.39,9.39,135910,Magoos Rewards,264171,35507434-0efe-4681-b7f8-fb21b5aba2d6
01/20,5559,2030,2.79,41953,9.39,9.39,135910,Magoos Rewards,264171,23b8ebde-0b0d-4eb7-8460-135127f19211
01/20,5559,250120203058975,3.09,,0,8.49,135910,Magoos Rewards,,
01/20,5559,250120223945749,10.49,,0,10.49,135910,Magoos Rewards,,
01/20,5559,250120224919983,39.03,,0,8.49,135910,Magoos Rewards,,
01/20,5559,250121002137852,3.09,,0,8.49,135910,Magoos Rewards,,
01/20,5559,2069,14.07,38280,8.49,8.49,135910,Magoos Rewards,152832,e7106d0c-7fbf-48f5-aee7-b9a23bd5da46
01/20,5559,2070,3.09,38280,8.49,8.49,135910,Magoos Rewards,152832,a25f815f-7b9e-48b2-92de-d2cc4db6018c
01/20,5561,7011,2.59,38280,7.99,7.99,135910,Magoos Rewards,134849,cf99de8c-3475-4ff1-a8af-ad5fc5925873
01/20,5561,3056,1.99,38280,7.99,7.99,135910,Magoos Rewards,134849,332ced75-e8b6-4f99-af34-bc45fee9f71d
01/20,5561,3057,1.99,38280,7.99,7.99,135910,Magoos Rewards,134849,9337f159-1407-4ec0-9167-0a42e8ee9be5
01/20,5561,3058,1.99,38280,7.99,7.99,135910,Magoos Rewards,134849,64c2f98b-c7f2-458b-b241-c84ae20c9d83
01/20,5561,3064,1.99,38280,7.99,7.99,135910,Magoos Rewards,134849,520d8236-a204-4066-a369-d91d2d56a4a7
01/20,5563,250120164419257,10.99,,0,10.99,135910,Magoos Rewards,,
01/20,5563,250120231606071,18.54,,0,10.99,135910,Magoos Rewards,,
01/20,5691,5002,9.98,38280,7.99,7.99,135910,Magoos Rewards,244564,6cd51a6e-ba5b-4e6a-aed2-aa9d7d7721c1
01/20,5691,250120162301073,10.48,,0,7.99,135910,Magoos Rewards,,
01/20,5691,250120170242558,30.95,,0,10.49,135910,Magoos Rewards,,
01/20,5691,250120172314715,4.86,,0,7.99,135910,Magoos Rewards,,
01/20,5691,250120194129765,12.48,,0,7.99,135910,Magoos Rewards,,
01/20,5691,250120194131168,2.49,,0,7.99,135910,Magoos Rewards,,
01/20,5691,250120223833183,10.98,,0,7.99,135910,Magoos Rewards,,
01/20,5691,250120231752376,20.48,,0,10.49,135910,Magoos Rewards,,
01/20,5691,250120234501621,12.07,,0,10.49,135910,Magoos Rewards,,
01/20,5691,250121000426045,10.49,,0,10.49,135910,Magoos Rewards,,
01/20,5691,250121003819581,26.96,,0,7.99,135910,Magoos Rewards,,
01/20,5765,250120181400858,2.39,,0,8.29,135910,Magoos Rewards,,
01/20,5765,3017,15.75,38280,8.29,8.29,135910,Magoos Rewards,57351,8be99517-8a84-438d-a057-3d48cdc42835
01/20,5765,3021,28.26,38280,8.29,8.29,135910,Magoos Rewards,57351,a264336e-9d8b-4cd7-a5e4-409a73e69db0
01/20,5805,250120162700930,15.26,,0,7.99,135910,Magoos Rewards,,
01/20,5805,250120200149122,10.49,,0,10.49,135910,Magoos Rewards,,
01/20,5805,250120215012000,2.99,,0,7.99,135910,Magoos Rewards,,
01/20,5805,250120215116073,2.99,,0,7.99,135910,Magoos Rewards,,
01/20,5805,250121014639021,10.93,,0,7.99,135910,Magoos Rewards,,
01/20,5805,250121014728282,9.88,,0,7.99,135910,Magoos Rewards,,
01/20,5865,250120153843090,12.48,,0,10.49,135910,Magoos Rewards,,
01/20,5865,250120193353653,24.37,,0,11.49,135910,Magoos Rewards,,
01/20,5865,250120222416670,26.59,,0,7.99,135910,Magoos Rewards,,
01/20,5865,250121000400572,18.48,,0,7.99,135910,Magoos Rewards,,
01/20,5865,250121000306997,1.99,,0,7.99,135910,Magoos Rewards,,
01/20,5865,2051,18.48,38280,7.99,7.99,135910,Magoos Rewards,150833,9940af19-c095-417b-a3a5-4c78b9737501
01/20,5865,250121004109526,3.76,,0,7.99,135910,Magoos Rewards,,
01/20,6658,250120164623780,33.97,,0,9.99,135910,Magoos Rewards,,
01/20,6658,250120224430154,2.59,,0,7.99,135910,Magoos Rewards,,
01/20,6658,250120225103898,1.99,,0,7.99,135910,Magoos Rewards,,
01/20,6658,250120225416214,1.99,,0,7.99,135910,Magoos Rewards,,
01/20,6658,250120230413992,1.99,,0,7.99,135910,Magoos Rewards,,
01/20,6658,250120233501985,1.99,,0,7.99,135910,Magoos Rewards,,
01/20,6705,250120175024968,10.28,,0,7.99,135910,Magoos Rewards,,
01/20,6705,250120190124774,17.16,,0,7.99,135910,Magoos Rewards,,
01/20,6705,250120233922687,2.29,,0,7.99,135910,Magoos Rewards,,
01/20,6705,250121002241145,29.55,,0,8.99,135910,Magoos Rewards,,
01/20,6778,3006,2.59,38280,9.49,9.49,135910,Magoos Rewards,166552,68832b64-e956-4e8f-9d58-dd12ab630564
01/20,6778,3007,2.59,38280,9.49,9.49,135910,Magoos Rewards,166552,7ce11f04-fb60-4b85-b314-ccb6edf18397
01/20,6778,1009,2.59,38280,9.49,9.49,135910,Magoos Rewards,165571,15e2ea66-e323-455f-8cb3-af26beefa5f0
01/20,6778,1011,19.86,38280,9.49,9.49,135910,Magoos Rewards,165571,26881137-95b9-4927-a5b2-c1e91083afa8
01/20,6778,3008,13.58,38280,9.49,9.49,135910,Magoos Rewards,166552,55d6e0ab-39cd-4da6-b8b8-806992587eb4
01/20,6778,1015,2.59,38280,9.49,9.49,135910,Magoos Rewards,166552,8d4b4329-2a47-4c9f-b5c5-678d46bcd728
01/20,6778,1016,21.07,38280,9.49,9.49,135910,Magoos Rewards,166552,fd63f2b9-fbd4-4927-b999-b7b293f7a07b
01/20,6778,3018,3.59,38280,9.49,9.49,135910,Magoos Rewards,166552,bcea08df-4155-4665-bb21-17542865af24
01/20,6778,3023,33.16,38280,9.49,9.49,135910,Magoos Rewards,166552,820cf3a2-1168-4a09-a2ad-39d869afeea9
01/20,6778,250120194805685,2.59,,0,9.49,135910,Magoos Rewards,,
01/20,6778,3024,17.57,38280,9.49,9.49,135910,Magoos Rewards,166552,f732a6b3-b248-430a-b4d2-e413f92df48e
01/20,6778,1027,26.75,38280,9.49,9.49,135910,Magoos Rewards,165571,86ec64cc-a06a-4f18-8c2e-4d2dfaafe318
01/20,6778,4000,3.53,38280,9.49,9.49,135910,Magoos Rewards,166552,28a67030-96ac-4aa0-8b1f-06ceef8173bf
01/20,6778,1036,2.59,38280,9.49,9.49,135910,Magoos Rewards,166552,2113b881-f146-4965-92e4-5c54fb75b8cd
01/20,6778,1037,2.59,38280,9.49,9.49,135910,Magoos Rewards,166552,9169083f-9cc8-4ec6-b414-2e991b715d4b
01/20,6778,1038,2.59,38280,9.49,9.49,135910,Magoos Rewards,166552,756d67f3-2825-404e-90d3-b660a64328cb
01/20,6778,1040,2.59,38280,9.49,9.49,135910,Magoos Rewards,165571,0f84e756-5cd5-4765-8e1f-73c34a36bfb0
01/20,6778,1042,1.93,,0,10.15,135910,Magoos Rewards,167673,0fb4cd08-6c01-4490-be3a-c531c5449d2f
01/20,6778,1050,2.59,38280,9.49,9.49,135910,Magoos Rewards,167673,75dd6bec-c1b4-4ef1-9548-d9e100dca997
01/20,6778,250120224830178,21.58,,0,9.49,135910,Magoos Rewards,,
01/20,6778,250120232017276,11.68,,0,10.99,135910,Magoos Rewards,,
01/20,6778,250120233220783,3.28,,0,9.49,135910,Magoos Rewards,,
01/20,6778,3049,12.25,38280,9.49,9.49,135910,Magoos Rewards,186907,c583152a-b636-4f36-b492-26d70285c976
01/20,6778,3051,2.59,38280,9.49,9.49,135910,Magoos Rewards,186907,5c48db5b-cc01-4126-9739-c91bebc12902
01/20,6778,1056,2.59,38280,9.49,9.49,135910,Magoos Rewards,167673,955ab0a6-d228-44d4-b36e-a3a92b98582a
01/20,6778,1059,16.58,38280,9.49,9.49,135910,Magoos Rewards,167673,bd64ab17-f25e-44d2-9be1-f19d996287ef
01/20,6778,250121012742031,14.58,,0,9.49,135910,Magoos Rewards,,
